TrialCode,Year,yield,grain_size,grain_no,estimatedVPD,sw_stress,sw_supply,sw_demand
trial_1000,2017,1.2759,0.032,3942.933,221.574,114.4812863,239.72,137.791
trial_1001,2017,1.4199,0.027,5237.991,189.93,143.4912689,141.363,104.257
trial_1002,2017,1.6088,0.025,6522.304,232.746,176.2225345,457.61,124.881
trial_1005,2017,1.3862,0.023,6049.752,228.589,145.9941039,436.405,155.649
trial_1006,2017,3.9785,0.036,11195.37,206.399,143.0013872,463.541,344.618
trial_1007,2017,1.3358,0.041,3258.028,184.619,164.0,673.489,53.243
trial_1008,2017,4.8699,0.039,12531.05,214.701,187.87839,888.028,271.903
trial_1009,2017,3.3266,0.037,8879.881,191.266,168.3732612,568.264,199.119
trial_1011,2017,3.2157,0.035,9255.672,209.984,164.1526654,495.294,199.166
trial_1012,2017,3.6516,0.041,8906.283,168.568,147.2596543,542.337,278.5
trial_1013,2017,4.1944,0.035,11949.35,205.388,187.5860746,830.315,239.131
trial_1014,2017,3.8122,0.033,11485.94,193.743,195.8494596,920.519,218.962
trial_1016,2017,1.4966,0.02,7495.552,244.164,103.0469617,299.275,230.812
trial_1017,2017,2.1558,0.038,5610.547,172.436,158.0,821.796,105.492
trial_1018,2017,2.0112,0.04,4999.075,176.988,151.5972078,262.612,104.423
trial_1019,2017,2.4766,0.027,9258.275,207.853,197.6990009,831.769,186.4
trial_1021,2017,5.125,0.041,12500.03,183.318,177.4083849,714.745,368.99
trial_1022,2017,4.2179,0.041,10287.49,165.968,178.6109826,570.371,175.527
trial_1023,2017,1.6786,0.023,7371.773,225.575,166.9700848,605.559,154.422
trial_1024,2017,2.6649,0.041,6499.828,166.48499999999999,184.1289415,408.899,119.822
trial_1025,2017,4.0456,0.041,9867.427,194.611,136.6091118,474.947,322.536
trial_1026,2017,2.4846,0.026,9453.874,221.142,182.2191045,744.953,186.708
trial_1027,2017,2.6396,0.033,7991.75,182.894,177.5207919,727.66,140.24
trial_1028,2017,3.8551,0.032,12116.46,223.13,160.3974355,527.9,281.343
trial_1029,2017,4.82,0.041,11756.04,205.878,177.3569097,800.939,289.777
trial_1030,2017,3.31,0.035,9414.625,203.471,178.0087378,579.924,188.605
trial_1031,2017,2.5155,0.041,6135.313,206.266,109.681355,381.587,279.307
trial_1032,2017,2.9345,0.037,7869.185,176.19,190.9115231,970.244,132.074
trial_1033,2017,4.6545,0.041,11352.4,184.006,188.1595001,1146.504,341.432
trial_1034,2017,3.9478,0.036,10982.68,193.398,184.4606631,709.203,214.768
trial_1035,2017,2.6122,0.032,8058.233,207.343,168.0681075,556.069,159.858
trial_1036,2017,4.4361,0.041,10819.82,145.355,184.2889896,859.155,288.271
trial_1037,2017,2.5534,0.041,6227.777,202.334,111.277825,370.451,220.428
trial_1039,2017,4.3525,0.041,10615.75,165.49,186.3446972,802.103,191.643
trial_1040,2017,3.4823,0.039,8844.614,184.763,170.5582699,618.473,191.984
trial_1041,2017,2.0151,0.028,7112.508,204.486,180.0062767,530.395,158.431
trial_1042,2017,2.2622,0.029,7829.585,238.802,137.5719101,490.986,229.999
trial_1043,2017,2.3859,0.031,7702.563,185.833,181.2659992,448.346,137.461
trial_1044,2017,2.0247,0.022,9239.155,221.626,154.52748432,321.212,191.236
trial_1045,2017,5.0039,0.041,12204.71,213.386,174.0110839,975.792,373.958
trial_1047,2017,1.2872,0.034,3774.626,215.875,171.0,950.834,74.357
trial_1048,2017,2.9931,0.027,11112.24,231.487,173.0809193,641.422,243.236
trial_1049,2017,1.0948,0.03,3597.423,207.518,184.0,595.901,54.636
trial_1050,2017,2.2922,0.029,7958.136,190.237,161.1411659,317.404,142.282
trial_1051,2017,4.1462,0.041,10112.63,181.437,138.2187557,602.761,323.668
trial_1052,2017,2.0024,0.041,4883.841,175.38400000000001,157.6960075,357.808,104.427
trial_1054,2017,4.0841,0.032,12748.55,175.225,172.8785948,590.993,255.549
trial_1055,2017,3.5286,0.031,11277.29,210.288,187.8408225,737.035,219.369
trial_1057,2017,2.1099,0.024,8917.051,208.74,176.8824814,412.242,179.798
trial_1058,2017,0.9373,0.03,3147.002,197.873,155.6765982,193.793,57.357
trial_1059,2017,1.8491,0.029,6363.417,203.518,181.0,703.885,104.44
trial_1060,2017,1.3572,0.039,3523.196,187.971,174.0,565.028,53.798
trial_1061,2017,3.3552,0.041,8183.518,179.888,151.8302226,504.637,220.517
trial_1062,2017,1.1672,0.029,3971.035,238.17,151.0,764.754,93.36
trial_1064,2017,3.2572,0.041,7944.331,166.821,149.2105467,617.066,256.201
trial_1065,2017,1.5234,0.041,3715.494,175.368,177.0,695.249,75.44
trial_1067,2017,2.6514,0.041,6466.931,196.735,162.4132422,288.054,150.153
trial_1068,2017,1.1737,0.031,3765.993,234.518,151.0,742.713,86.074
trial_1069,2017,2.8819,0.03,9462.121,228.765,142.3454705,582.061,257.765
trial_1070,2017,4.8021,0.041,11712.53,204.741,186.6010241,1079.938,367.714
trial_1072,2017,1.5961,0.023,6914.273,222.645,170.2718281,472.904,126.548
trial_1073,2017,3.6692,0.036,10181.07,207.65,198.8373366,1200.425,201.925
trial_1074,2017,3.4046,0.041,8303.807,164.107,151.2956479,636.376,250.287
trial_1076,2017,3.6151,0.032,11372.86,177.609,166.2926894,565.397,223.906
trial_1080,2017,3.0077,0.032,9487.012,190.693,159.9977128,353.54,179.908
trial_1081,2017,4.3968,0.035,12583.83,210.996,163.7613074,584.887,276.67
trial_1085,2017,2.4265,0.033,7322.522,198.259,177.246436,400.99,144.446
trial_1086,2017,3.0353,0.04,7531.044,178.615,179.8763736,813.861,138.46699999999998
trial_1087,2017,4.0641,0.031,12906.43,202.326,197.08596119999999,817.537,238.289
trial_1088,2017,3.297,0.031,10758.95,223.331,128.7779944,433.86,331.906
trial_1089,2017,1.5186,0.036,4212.406,208.825,112.9553533,252.109,138.359
trial_1090,2017,2.731,0.038,7277.252,146.17,185.0,1061.141,107.401
trial_1091,2017,4.3017,0.033,13049.87,226.664,186.5379089,796.695,282.571
trial_1092,2017,1.2248,0.032,3819.492,213.031,156.0,787.81,75.838
trial_1093,2017,2.4415,0.029,8425.355,232.46099999999998,153.3613262,624.239,219.934
trial_1094,2017,2.8991,0.029,10150.2,180.576,162.5572548,528.9,196.345
trial_1095,2017,2.1643,0.025,8564.377,219.779,189.322867,533.422,159.414
trial_1096,2017,3.4175,0.037,9207.179,158.78,174.1666925,778.565,166.67
trial_1097,2017,4.0501,0.041,9881.062,170.336,169.765752,602.545,213.79
trial_1098,2017,2.4519,0.028,8697.209,231.731,155.022841,607.54,219.264
trial_1099,2017,2.7036,0.026,10350.64,210.976,170.0602013,367.85,207.419
trial_1102,2017,2.9516,0.033,8901.567,208.59,185.4783668,606.085,201.31
trial_1104,2017,2.192,0.029,7680.011,240.975,138.238382,458.642,220.543
trial_1105,2017,3.284,0.037,8798.877,180.483,176.1737746,629.286,184.027
trial_1106,2017,4.6658,0.041,11379.89,209.562,169.059988,753.245,346.691
trial_1108,2017,2.9844,0.038,7938.407,222.707,148.2143792,414.842,266.49
trial_1109,2017,4.1474,0.036,11511.58,204.839,201.7549559,1150.911,226.628
trial_1111,2017,1.3853,0.041,3378.785,192.00900000000001,176.0,646.197,52.885
trial_1112,2017,3.1131,0.035,8909.956,200.192,178.3891234,574.475,206.619
trial_1114,2017,3.8051,0.041,9280.813,205.345,127.7920849,414.202,272.656
trial_1115,2017,1.6801,0.041,4097.728,171.829,144.2623546,243.147,98.897
trial_1116,2018,3.9691,0.038,10440.71,182.9,155.8663401,402.959,213.396
trial_1118,2018,1.1052,0.033,3363.039,201.181,177.0,827.195,58.965
trial_1119,2018,2.2911,0.029,7929.869,226.053,143.5073834,464.369,206.036
trial_1120,2018,2.6429,0.029,9114.366,184.606,144.5199773,360.768,217.408
trial_1121,2018,4.1745,0.038,11007.3,202.105,141.8465674,409.075,298.448
trial_1122,2018,1.8147,0.025,7387.5,212.85,195.0,1009.203,125.864
trial_1123,2018,4.6179,0.041,11263.11,177.715,163.7455031,504.46,234.184
trial_1125,2018,2.0374,0.035,5822.697,141.804,189.0,1081.019,80.536
trial_1126,2018,1.6893,0.023,7341.968,211.506,197.2129518,817.931,126.588
trial_1127,2018,2.3931,0.034,6949.066,218.904,117.9233248,358.402,265.49399999999997
trial_1130,2018,4.8788,0.041,11899.61,184.253,139.6348172,526.426,313.508
trial_1131,2018,3.5232,0.03,11703.7,183.317,155.0904402,405.584,225.324
trial_1132,2018,1.9134,0.027,7144.938,208.618,193.0,1106.992,120.774
trial_1134,2018,2.482,0.035,7048.403,178.17,159.7869074,438.332,145.682
trial_1136,2018,1.3525,0.035,3893.522,219.766,127.0,677.007,96.469
trial_1137,2018,4.4266,0.041,10796.55,143.227,200.0998102,1015.235,273.791
trial_1140,2018,2.8811,0.03,9560.4,181.905,118.7979374,291.933,217.44
trial_1141,2018,1.936,0.027,7209.337,206.964,197.0,1196.797,117.762
trial_1142,2018,3.4556,0.031,11044.56,189.116,166.7295609,428.75,212.727
trial_1143,2018,4.771,0.041,11636.65,162.408,180.3097384,857.773,280.455
trial_1144,2018,3.9578,0.036,10978.76,201.572,136.189427,387.963,283.472
trial_1145,2018,3.9659,0.041,9673.037,159.492,163.3273629,548.401,207.862
trial_1146,2018,0.9622,0.028,3488.548,203.281,195.0,744.703,51.785000000000004
trial_1147,2018,1.1291,0.033,3409.547,200.863,204.0,1463.358,51.263
trial_1150,2018,1.8451,0.031,5874.303,213.738,86.0554573,209.964,204.498
trial_1151,2018,3.8563,0.041,9405.505,164.82,138.420184,480.103,271.235
trial_1152,2018,3.9044,0.041,9523.038,168.978,140.334833,443.77,258.161
trial_1153,2018,0.9754,0.026,3743.528,211.466,207.0,1128.325,53.316
trial_1156,2018,3.6082,0.041,8800.534,153.793,177.7264225,829.354,238.37800000000001
trial_1157,2018,1.7575,0.026,6885.537,210.03,158.5959108,544.549,140.968
trial_1158,2018,2.058,0.033,6240.655,162.032,189.0,1266.932,81.582
trial_1159,2018,2.4771,0.025,10058.1,192.117,150.4060843,416.994,207.766
trial_1160,2018,2.0069,0.03,6711.91,206.298,171.0,844.092,131.179
trial_1161,2018,0.7386,0.024,3141.078,182.104,172.926009,334.303,44.553
trial_1162,2018,0.773,0.019,4174.64,212.534,128.534563,192.182,111.008
trial_1163,2018,1.5868,0.024,6600.162,209.182,201.4111415,660.274,113.57
trial_1164,2018,1.9364,0.031,6319.116,200.061,155.23877052,280.764,166.784
trial_1165,2018,2.3351,0.04,5849.098,224.307,95.1167489,247.059,230.715
trial_1167,2018,3.561,0.031,11320.07,187.932,144.4523496,368.008,251.92
trial_1168,2018,3.5669,0.035,10298.33,181.17,208.0,1474.685,168.586
trial_1169,2018,3.0267,0.03,10047.89,182.954,189.5576902,609.85,172.92000000000002
trial_1170,2018,3.6298,0.038,9563.479,201.472,169.7683616,512.39,186.882
trial_1171,2018,1.8366,0.033,5529.365,140.958,182.0,832.352,72.192
trial_1172,2018,1.8091,0.03,5968.302,177.221,186.0,836.677,97.022
trial_1173,2018,2.6759,0.032,8305.96,167.998,190.8981119,769.624,122.413
trial_1174,2018,1.8797,0.038,4896.881,185.714,179.2921735,429.548,84.098
trial_1175,2018,1.9351,0.027,7197.458,206.36,195.9015826,997.317,122.569
trial_1176,2018,1.5639,0.027,5711.603,220.117,110.4463721,315.425,200.353
trial_1177,2018,1.1143,0.038,2947.48,179.027,180.0,698.277,46.126
trial_1178,2018,4.6474,0.041,11335.1,153.216,180.7439222,789.073,250.499
trial_1179,2018,1.8845,0.029,6581.729,214.233,175.1792739,358.199,147.681
trial_1180,2018,5.1492,0.041,12559.14,205.645,166.2346232,753.29,359.943
trial_1182,2018,1.9352,0.027,7060.446,205.684,148.2008063,382.03,196.918
trial_1183,2018,1.213,0.025,4909.559,210.494,147.0767009,262.305,126.797
trial_1184,2018,0.8297,0.02,4188.033,196.165,110.0650909,130.131,139.988
trial_1185,2018,1.8919,0.035,5422.105,191.693,170.3712554,376.131,96.315
trial_1186,2018,4.5253,0.041,11037.4,179.416,151.6841897,450.892,256.568
trial_1187,2018,3.028,0.036,8424.435,181.915,143.7700071,351.46,190.539
trial_1188,2018,1.0753,0.031,3436.504,176.712,161.0,422.693,54.473
trial_1189,2018,3.3485,0.028,12030.86,181.362,196.4194848,792.89,190.51500000000001
trial_1191,2018,0.5672,0.02,2814.273,176.578,166.0918545,179.171,44.34
trial_1193,2018,1.9771,0.041,4822.155,192.55,159.9067998,454.293,105.864
trial_1194,2018,1.1177,0.033,3366.213,201.907,176.0,602.107,54.357
trial_1195,2018,1.2863,0.04,3250.544,187.49699999999999,172.0,915.302,54.021
trial_1196,2018,2.3169,0.031,7476.636,177.06,148.5425423,378.675,157.593
trial_1198,2018,3.2298,0.041,7877.614,157.417,166.8270705,774.781,134.519
trial_1199,2018,3.4592,0.041,8437.178,157.334,135.8895082,458.87,258.39300000000003
trial_1200,2018,2.6594,0.041,6486.282,176.59,177.0,582.965,117.475
trial_1202,2018,2.2791,0.026,8628.76,193.899,166.6503851,469.531,153.329
trial_1204,2018,1.8031,0.03,5934.402,222.782,143.2790802,384.924,148.36599999999999
trial_1205,2018,5.0477,0.041,12311.58,208.001,187.3777315,1085.526,357.941
trial_1206,2018,1.2576,0.037,3430.949,181.226,156.0,584.658,60.172
trial_1209,2018,3.4849,0.041,8499.856,150.946,145.0372889,521.17,261.263
trial_1211,2018,3.316,0.031,10736.69,179.772,183.6036469,663.615,187.863
trial_1212,2018,0.9534,0.027,3548.147,183.013,154.3773041,352.175,64.81400000000001
trial_1213,2018,1.8836,0.032,5828.549,171.814,176.9304897,456.779,93.126
trial_1214,2018,0.9549,0.018,5398.776,204.775,134.70993446,220.687,122.224
trial_1215,2018,0.6889,0.022,3145.498,204.248,179.5116359,302.885,54.032
trial_1216,2018,0.7545,0.021,3553.841,222.916,188.2589826,456.697,59.251
trial_1218,2018,1.9503,0.032,6183.969,170.685,170.0,706.332,107.661
trial_1219,2018,2.2372,0.031,7123.718,187.279,162.7848397,341.832,151.883
trial_1220,2018,3.1819,0.033,9537.352,164.943,125.33129222,353.015,212.445
trial_1221,2018,1.8016,0.024,7405.942,191.899,198.0,911.548,108.672
trial_1225,2018,1.7253,0.024,7259.015,221.673,158.6624108,406.356,190.181
trial_1226,2018,0.959,0.029,3320.177,202.391,148.5041116,315.324,70.122
trial_1228,2018,1.2128,0.037,3309.263,185.826,186.0,999.597,49.45
trial_1229,2018,0.6366,0.021,3080.922,210.686,175.3722274,250.653,55.783
trial_1230,2018,3.6959,0.041,9014.417,169.926,182.7845125,552.749,159.701
trial_1231,2018,2.5111,0.029,8682.693,226.127,153.6648682,485.036,213.155
trial_1232,2018,1.5401,0.024,6546.521,205.329,146.0487685,273.063,153.005
trial_1234,2018,2.9254,0.037,7945.36,135.907,186.0,1083.029,110.914
trial_1235,2018,1.0989,0.029,3788.426,204.873,198.0,916.833,55.33
trial_1236,2018,2.0055,0.031,6544.523,202.581,171.8695282,694.534,124.184
trial_1237,2018,2.6107,0.034,7633.706,216.957,120.0871929,427.102,224.393
trial_1238,2018,2.0184,0.027,7390.543,199.578,169.5459808,315.196,151.26
trial_1239,2018,4.2422,0.036,11877.76,179.065,201.0392642,848.001,200.732
trial_1240,2018,1.8013,0.027,6558.858,207.659,162.6581521,629.959,135.681
trial_1241,2018,1.0041,0.028,3603.81,203.559,203.0,725.123,51.627
trial_1243,2018,3.3169,0.031,10684.95,187.276,135.9459985,402.6,245.882
trial_1244,2018,2.7653,0.028,9762.633,216.882,206.2456538,1066.327,173.991
trial_1245,2018,3.1066,0.033,9441.906,187.831,177.0916653,501.643,164.093
trial_1246,2018,4.9157,0.041,11989.6,207.083,157.4221447,677.694,348.587
trial_1247,2018,3.4818,0.032,10957.78,206.262,134.9254396,382.343,277.573
trial_1248,2018,3.7598,0.041,9170.198,165.26,130.1945279,402.359,267.423
trial_1249,2019,1.0166,0.041,2479.586,209.484,158.0,425.222,50.967
trial_1250,2019,1.4599,0.021,6984.096,206.988,158.95531082,330.65,143.092
trial_1252,2019,0.4493,0.02,2262.815,238.779,75.1241132,96.319,123.592
trial_1253,2019,0.9821,0.041,2395.403,199.114,158.0,608.252,53.28
trial_1254,2019,2.4445,0.031,7904.941,224.96,166.6409141,637.862,181.90200000000002
trial_1255,2019,4.3435,0.034,12942.42,216.58,185.574836,805.156,260.922
trial_1256,2019,2.7175,0.031,8628.198,201.28,148.5275673,533.72,210.718
trial_1257,2019,0.7427,0.021,3542.653,204.262,186.3218968,355.601,55.686
trial_1258,2019,3.2298,0.034,9549.141,154.463,187.5123477,582.193,140.696
trial_1259,2019,2.2011,0.022,9973.766,215.766,150.71889657,529.729,226.727
trial_1260,2019,1.9192,0.027,6995.92,238.634,115.9907352,253.179,252.748
trial_1262,2019,0.3477,0.015,2397.193,249.303,75.0991396,120.274,107.458
trial_1263,2019,0.9848,0.041,2402.003,209.435,155.0,735.19,56.481
trial_1264,2019,1.9729,0.031,6443.153,205.298,147.7495377,399.928,168.016
trial_1265,2019,1.2169,0.019,6530.812,232.762,128.3571525,252.903,200.11599999999999
trial_1266,2019,2.3282,0.041,5678.574,199.221,109.9290611,333.789,236.148
trial_1267,2019,1.4924,0.023,6364.802,202.837,174.9147422,506.23199999999997,118.777
trial_1268,2019,0.9845,0.041,2401.325,203.877,152.0,664.811,51.435
trial_1269,2019,4.462,0.034,13117.19,207.086,193.0834798,933.995,277.149
trial_1270,2019,0.8647,0.018,4688.774,211.257,130.4832704,260.948,115.724
trial_1272,2019,3.9112,0.041,9539.621,144.546,205.1325674,1111.937,245.339
trial_1273,2019,0.5913,0.019,3129.061,233.669,146.6342643,202.555,68.337
trial_1274,2019,2.2767,0.025,9101.638,222.956,174.9184701,584.316,208.892
trial_1275,2019,1.3895,0.028,4954.516,204.323,149.3847495,389.136,110.481
trial_1276,2019,1.822,0.032,5614.202,214.461,167.0,705.1129999999999,119.085
trial_1277,2019,4.9031,0.041,11958.71,172.59,174.8081646,779.537,295.774
trial_1278,2019,1.6883,0.031,5407.752,239.881,165.8730585,621.205,128.571
trial_1279,2019,4.6492,0.041,11339.59,180.805,133.2172294,652.734,371.203
trial_1280,2019,2.0271,0.025,8014.852,206.139,186.1369835,558.503,148.943
trial_1281,2019,2.5858,0.03,8513.588,207.052,205.9179541,1028.054,161.263
trial_1282,2019,2.2604,0.041,5513.109,206.034,106.768257,344.34,224.249
trial_1283,2019,1.2481,0.023,5446.377,243.892,112.166531,239.83,176.645
trial_1284,2019,2.1698,0.03,7163.124,185.325,124.1513326,239.85,192.358
trial_1285,2019,1.351,0.041,3295.186,190.514,145.8408033,368.526,91.68
trial_1286,2019,0.9186,0.022,4214.413,232.923,209.0,734.979,62.141
trial_1287,2019,2.93,0.029,9960.181,201.922,182.5256325,593.145,187.338
trial_1288,2019,2.3986,0.03,7957.32,204.904,199.1320153,697.373,168.302
trial_1289,2019,3.4456,0.041,8403.855,169.038,170.9792133,581.469,233.338
trial_1290,2019,1.1384,0.018,6326.563,228.676,112.4485073,268.48,193.82
trial_1291,2019,2.4147,0.033,7403.703,212.149,159.1367461,657.999,181.091
trial_1294,2019,4.1037,0.034,12112.13,223.646,180.4010418,594.677,253.714
trial_1295,2019,4.0412,0.031,12952.11,208.387,189.9336702,794.644,254.635
trial_1296,2019,2.0894,0.035,5896.041,229.184,162.6790527,355.224,147.807
trial_1297,2019,2.59,0.041,6317.092,210.567,108.8786024,331.967,228.724
trial_1298,2019,2.4604,0.034,7208.766,195.111,177.5048468,573.909,153.285
trial_1299,2019,5.1027,0.04,12635.38,192.306,195.6811429,987.159,262.634
trial_1301,2019,1.3747,0.035,3894.777,232.067,162.3243151,367.647,99.468
trial_1302,2019,2.8666,0.036,8064.023,160.193,193.0,733.614,122.124
trial_1303,2019,0.8327,0.024,3423.6,190.913,185.7381665,351.195,41.931
trial_1304,2019,2.9728,0.032,9242.265,185.516,173.2560705,519.431,192.583
trial_1305,2019,1.5113,0.026,5909.542,210.329,163.7152271,500.954,121.348
trial_1306,2019,1.6369,0.024,6739.564,218.638,192.3755853,696.931,124.13
trial_1309,2019,3.8736,0.037,10587.27,159.62,186.0440206,643.618,178.829
trial_1310,2019,1.5111,0.024,6402.95,208.287,187.7980338,468.309,112.356
trial_1311,2019,5.1671,0.041,12602.77,211.666,166.6549055,821.238,365.674
trial_1312,2019,1.1931,0.024,4994.225,246.746,123.9451919,271.941,157.687
trial_1313,2019,1.2176,0.033,3672.424,213.626,184.0,1048.255,58.854
trial_1314,2019,1.5341,0.024,6410.721,241.189,153.7288293,333.21,174.043
trial_1316,2019,1.0441,0.041,2546.603,210.368,162.0,688.533,61.671
trial_1317,2019,1.0161,0.041,2478.288,205.79,157.0,495.915,51.504
trial_1318,2019,1.2959,0.041,3160.632,195.381,145.938962,373.37,91.59
trial_1319,2019,1.1848,0.039,3035.482,192.682,179.0,1018.889,44.393
trial_1320,2019,3.564,0.032,11079.26,193.274,172.0137193,494.995,255.852
trial_1321,2019,3.5351,0.029,12005.38,212.217,157.83226788,670.47,270.70799999999997
trial_1322,2019,0.9588,0.031,3082.136,185.733,180.0,428.501,43.586
trial_1323,2019,1.4821,0.023,6335.748,206.77100000000002,195.4553696,639.533,107.058
trial_1324,2019,0.9549,0.041,2329.088,214.637,148.0,606.829,56.595
trial_1325,2019,1.5346,0.031,5015.256,221.484,160.8221624,681.468,125.611
trial_1326,2019,1.0228,0.041,2494.583,202.123,157.0,596.907,54.95
trial_1327,2019,1.068,0.041,2604.978,203.273,144.0,831.243,63.374
trial_1328,2019,1.401,0.025,5705.133,244.015,139.0058265,344.351,148.65
trial_1329,2019,1.9896,0.041,4852.562,181.203,175.0,641.976,100.997
trial_1330,2019,1.6552,0.041,4037.025,179.617,144.9923476,472.713,97.658
trial_1331,2019,3.2013,0.034,9359.271,197.981,172.7421015,938.619,207.253
trial_1332,2019,0.6358,0.02,3227.998,210.487,183.983449,274.647,49.364
trial_1333,2019,1.0282,0.04,2555.079,209.246,162.0,447.13,56.128
trial_1335,2019,0.7856,0.02,3873.254,242.133,158.7660149,386.649,78.204
trial_1336,2019,4.7446,0.041,11572.07,203.799,190.3897513,1056.016,339.127
trial_1337,2019,1.1835,0.039,3027.774,197.025,172.0,634.849,46.591
trial_1339,2019,2.0977,0.022,9436.839,215.026,145.4355189,521.972,221.471
trial_1340,2019,0.9826,0.041,2396.653,173.047,144.0,674.027,52.219
trial_1341,2019,0.9316,0.029,3223.003,194.84,195.0,718.713,45.583
trial_1342,2019,1.7811,0.029,6187.235,191.317,191.0,802.959,99.437
trial_1343,2019,0.9263,0.033,2840.254,207.696,175.0,443.729,46.18
trial_1344,2019,1.9713,0.038,5224.334,172.827,175.0,770.909,86.261
trial_1345,2019,1.809,0.028,6366.569,212.412,196.0,1062.713,105.719
trial_1346,2019,1.2813,0.027,4691.447,210.916,146.5245013,333.278,114.271
trial_1347,2019,2.2917,0.027,8393.445,209.885,190.3932719,601.573,161.137
trial_1348,2019,1.181,0.032,3643.536,231.601,187.0,767.339,66.517
trial_1350,2019,1.8325,0.034,5382.203,184.677,169.6684657,381.878,97.235
trial_1351,2019,0.7525,0.028,2673.026,221.647,171.996151,309.403,55.311
trial_1353,2019,3.0724,0.029,10623.62,207.606,193.8929711,724.196,202.079
trial_1355,2019,2.5733,0.041,6276.439,199.859,108.5241963,353.99,241.841
trial_1356,2019,4.0013,0.041,9759.28,158.723,167.6704097,614.325,276.475
trial_1357,2019,0.6372,0.018,3464.389,237.717,190.0358751,337.288,59.528999999999996
trial_1358,2019,2.3652,0.03,7815.118,200.522,168.2490593,548.333,167.311
trial_1360,2019,1.6196,0.025,6479.761,240.075,155.1437425,511.637,153.706
trial_1361,2019,2.6334,0.032,8327.58,196.21699999999998,170.9805333,422.586,173.464
trial_1362,2019,1.0779,0.032,3372.359,217.157,199.0,682.847,52.83
trial_1363,2019,2.7867,0.031,9079.602,196.551,161.2740598,519.845,197.435
trial_1365,2019,2.0689,0.026,7872.473,205.534,175.1995962,385.8,149.749
trial_1366,2019,0.8063,0.025,3202.205,211.406,186.9658537,462.133,51.423
trial_1368,2019,1.3687,0.021,6523.721,221.994,173.8767027,422.62,151.062
trial_1369,2019,1.862,0.027,6788.51,215.726,163.3991465,405.963,145.505
trial_1371,2019,2.7307,0.03,9012.682,206.284,174.4078882,534.168,194.05
trial_1373,2019,1.2049,0.037,3244.936,206.091,201.0,1281.501,50.238
trial_1374,2019,0.5377,0.017,3074.713,214.137,117.5201546,131.396,97.836
trial_1375,2019,1.168,0.041,2874.888,210.346,160.0,542.562,62.196
trial_1376,2019,3.417,0.031,11014.76,214.347,188.0566885,809.596,233.357
trial_1377,2019,4.9228,0.041,12006.92,216.989,162.124078,731.992,361.8
trial_1378,2019,2.2936,0.03,7768.2,234.517,163.2671198,514.642,183.891
trial_1379,2019,1.3765,0.038,3601.575,180.571,142.5219933,309.711,91.27
trial_1380,2020,3.1091,0.041,7583.083,191.052,155.5830531,324.763,170.64
trial_1381,2020,2.0741,0.032,6459.53,201.174,160.9034125,317.55899999999997,171.197
trial_1382,2020,3.7879,0.041,9238.723,199.462,168.845319,575.067,287.806
trial_1383,2020,3.965,0.04,9840.006,211.882,136.0291885,477.17,296.858
trial_1384,2020,1.9705,0.035,5632.731,188.828,168.0,752.201,105.388
trial_1385,2020,2.675,0.034,7773.637,213.057,178.2965268,700.561,159.224
trial_1386,2020,4.6971,0.041,11456.46,211.776,163.58863233,647.701,332.06600000000003
trial_1387,2020,3.3313,0.035,9432.457,180.81,161.8652755,568.26,181.75300000000001
trial_1388,2020,2.6466,0.032,8302.036,196.764,195.9639469,1030.964,152.182
trial_1389,2020,3.6935,0.04,9298.392,148.14000000000001,173.4936933,447.834,160.041
trial_1390,2020,2.5102,0.037,6793.262,212.675,181.3887912,346.855,167.299
trial_1391,2020,4.1775,0.035,11872.12,207.175,136.4394035,597.432,309.042
trial_1392,2020,2.7409,0.027,10007.73,213.865,124.8764321,401.361,262.738
trial_1393,2020,1.4038,0.031,4516.576,196.823,147.5536498,198.062,94.472
trial_1394,2020,4.0401,0.041,9854.021,193.692,142.3208231,421.935,244.856
trial_1395,2020,4.8092,0.041,11729.8,198.108,179.6777138,736.724,389.76800000000003
trial_1396,2020,2.1911,0.041,5344.233,187.08,102.9265344,227.768,177.72
trial_1397,2020,3.3255,0.035,9475.917,192.655,182.7412886,766.721,203.373
trial_1398,2020,3.5727,0.037,9740.306,199.381,194.9779397,1072.188,189.259
trial_1399,2020,3.1701,0.035,8994.378,207.288,173.4133976,650.336,215.818
trial_1400,2020,2.7757,0.029,9639.38,217.212,136.4958898,450.966,232.278
trial_1401,2020,3.985,0.032,12277.99,205.928,158.0311022,698.233,284.883
trial_1402,2020,4.7265,0.041,11527.98,194.78,164.8214442,714.2139999999999,336.837
trial_1403,2020,3.2559,0.038,8632.234,185.4,154.3760354,476.337,182.756
trial_1404,2020,1.3287,0.025,5343.908,187.102,165.594354,325.277,105.623
trial_1405,2020,4.6781,0.041,11409.94,166.286,192.9414911,1042.603,184.496
trial_1406,2020,3.1686,0.032,9957.887,212.019,149.7072696,409.402,223.129
trial_1407,2020,3.4404,0.041,8391.309,163.274,135.7795131,485.549,268.202
trial_1408,2020,2.2751,0.03,7703.941,206.534,184.7309436,502.776,155.144
trial_1409,2020,4.7283,0.041,11532.55,192.432,191.7617935,882.395,240.64
trial_1410,2020,4.6756,0.041,11403.93,190.944,175.7007036,652.02,336.496
trial_1411,2020,2.1647,0.041,5279.676,193.841,118.1022356,387.044,214.762
trial_1412,2020,1.903,0.029,6632.026,210.398,98.3429874,288.242,248.94
trial_1413,2020,2.6454,0.041,6452.168,168.046,154.6406306,607.693,204.169
trial_1414,2020,1.7373,0.041,4237.225,173.048,150.8203038,355.503,96.713
trial_1415,2020,5.0167,0.041,12235.79,192.64000000000001,188.0599792,699.833,369.428
trial_1416,2020,3.3792,0.041,8242.03,197.489,182.965201,384.493,198.39
trial_1417,2020,4.7636,0.041,11618.6,182.568,174.4713227,706.597,357.666
trial_1418,2020,3.2749,0.041,7987.456,157.375,172.6596804,662.616,219.122
trial_1419,2020,3.7635,0.034,11179.52,200.187,168.7323375,786.282,254.10999999999999
trial_1420,2020,3.8251,0.039,9879.027,167.513,175.2565362,569.906,184.773
trial_1421,2020,1.1995,0.041,2925.663,187.907,163.0,756.906,52.973
trial_1422,2020,4.5496,0.038,11832.39,195.123,179.3652156,902.197,255.695
trial_1423,2020,1.5817,0.035,4583.006,185.327,180.6795238,396.521,83.2
trial_1424,2020,4.6645,0.041,11457.54,213.175,185.7699617,731.277,261.499
trial_1425,2020,3.6519,0.038,9530.413,202.165,206.0,1310.812,182.988
trial_1426,2020,1.7291,0.023,7418.856,200.237,129.3550841,277.485,174.618
trial_1427,2020,2.7089,0.041,6607.01,201.748,109.153192,296.99,239.088
trial_1428,2020,3.1381,0.041,7653.891,179.767,182.0,943.185,148.112
trial_1429,2020,2.87,0.032,8953.592,191.999,147.9375797,374.14,181.989
trial_1430,2020,4.5508,0.041,11099.58,189.615,181.6244223,617.85,271.112
trial_1431,2020,4.5515,0.041,11101.2,197.885,189.4904791,671.294,263.922
trial_1432,2020,1.6948,0.027,6176.539,203.713,149.7315456,276.955,139.193
trial_1433,2020,3.6061,0.041,8795.392,146.496,186.4705787,745.043,223.232
trial_1434,2020,2.1564,0.038,5654.638,197.719,114.274063,224.502,156.822
trial_1435,2020,1.9607,0.031,6420.542,168.771,185.537281,766.596,97.647
trial_1436,2020,3.946,0.041,9624.432,169.159,180.7155326,663.988,265.427
trial_1437,2020,1.3308,0.027,4854.301,189.307,161.2376874,314.642,105.945
trial_1438,2020,2.5691,0.033,7797.591,192.617,164.7020903,377.667,157.802
trial_1439,2020,4.5729,0.041,11153.5,195.649,184.2836417,946.1419999999999,375.486
trial_1441,2020,2.3706,0.033,7226.468,177.33,176.5636194,403.838,134.641
trial_1442,2020,4.6777,0.041,11408.91,162.026,186.423502,753.672,210.703
trial_1443,2020,2.4135,0.031,7699.821,206.257,182.9793804,486.058,167.776
trial_1444,2020,4.8002,0.041,11707.9,199.442,165.3647575,860.821,383.411
trial_1445,2020,2.9399,0.032,9094.522,211.115,136.3625246,486.94,245.007
trial_1447,2020,4.1912,0.041,10222.46,201.034,154.3565332,583.149,303.93
trial_1448,2020,4.3851,0.041,10695.37,204.411,163.3875263,658.217,373.499
trial_1449,2020,2.132,0.036,5935.319,192.568,147.23156192,228.445,172.866
trial_1450,2020,1.7337,0.032,5478.127,193.76,168.8854648,527.414,102.854
trial_1451,2020,2.1522,0.029,7506.764,184.334,137.7924042,228.595,155.997
trial_1452,2020,2.7485,0.041,6703.568,181.662,152.9394512,625.293,222.125
trial_1453,2020,1.3606,0.024,5662.087,175.751,145.6785432,232.923,123.508
trial_1454,2020,5.3728,0.041,13104.33,183.169,187.2463209,693.475,343.133
trial_1455,2020,1.721,0.024,7051.276,171.945,162.8569515,426.702,139.451
trial_1456,2020,1.1678,0.041,2848.302,196.046,152.0,735.378,59.513999999999996
trial_1457,2020,2.0457,0.029,7066.995,199.668,153.677967,364.36,155.769
trial_1458,2020,0.7921,0.026,3069.413,190.11,163.0,306.386,50.532000000000004
trial_1459,2020,1.7278,0.041,4214.237,185.495,149.4489137,329.109,101.738
trial_1460,2020,2.5853,0.034,7617.266,212.889,154.9885727,660.544,194.488
trial_1461,2020,2.6313,0.041,6417.8,170.452,174.4957135,400.366,128.111
trial_1462,2020,2.6271,0.041,6407.647,163.00300000000001,141.3544617,602.904,231.963
trial_1463,2020,1.7967,0.041,4382.25,176.093,180.0,690.21,94.06099999999999
trial_1464,2020,2.7827,0.034,8220.255,201.009,190.3214709,615.307,156.148
trial_1465,2020,1.3159,0.026,5077.371,189.831,155.5935639,281.478,108.043
trial_1466,2020,2.528,0.026,9749.197,206.042,136.1390847,452.169,229.619
trial_1467,2020,2.6518,0.034,7845.645,214.97,163.0,817.067,186.94
trial_1468,2020,4.6463,0.041,11332.54,190.454,171.7871121,699.824,345.807
trial_1469,2020,1.1845,0.035,3356.368,173.996,170.0,401.54,53.094
trial_1471,2020,4.6985,0.041,11459.71,202.373,187.6159058,830.123,270.859
trial_1472,2020,2.7446,0.041,6694.17,159.803,141.3295355,599.723,237.599
trial_1473,2020,1.9912,0.032,6244.447,187.547,199.0,847.818,96.127
trial_1474,2020,1.079,0.034,3201.015,187.193,193.0,626.724,46.029
trial_1476,2020,1.0862,0.035,3128.234,164.715,169.8224174,343.424,46.186
trial_1477,2020,3.9306,0.041,9586.737,202.97,170.8058214,449.359,250.374
trial_1478,2020,2.7048,0.034,7861.214,197.547,193.9288698,1012.389,151.372
trial_1479,2020,4.7706,0.041,11635.61,203.608,185.2642603,789.606,284.128
trial_1481,2020,1.8165,0.031,5811.472,171.158,176.4564931,429.991,97.149
trial_1482,2020,0.8335,0.028,2964.084,196.035,177.0,364.642,48.433
trial_1483,2020,1.7748,0.034,5158.916,180.355,167.5012857,511.239,102.33800000000001
trial_1484,2020,4.8553,0.041,11842.08,195.695,200.2001654,844.832,262.822
trial_1485,2020,3.6966,0.036,10146.5,212.178,152.5515157,675.536,280.586
trial_1486,2020,2.2224,0.041,5420.493,191.555,125.8377069,366.403,165.492
trial_1488,2020,3.3752,0.041,8232.267,145.218,180.9458333,695.082,158.948
trial_1489,2020,5.1099,0.041,12463.12,211.462,185.0387574,947.753,387.256
trial_1490,2020,4.4171,0.039,11366.67,201.786,149.7573912,633.671,282.033
trial_1491,2020,1.6922,0.022,7815.484,195.69,115.7775614,273.262,178.931
trial_1492,2020,2.838,0.03,9327.744,214.937,136.3852308,439.003,238.864
trial_1493,2020,4.7896,0.041,11681.99,185.055,183.1208525,691.929,272.195
trial_1494,2020,1.8881,0.03,6397.846,208.449,194.0,1027.809,119.57
trial_1495,2020,2.7974,0.032,8836.58,174.693,164.8109048,369.561,165.272
trial_1496,2020,3.7224,0.032,11619.3,216.725,155.7237329,647.837,251.44299999999998
trial_1497,2020,4.1669,0.04,10326.89,200.629,164.9726594,531.247,258.75
trial_1498,2020,2.6774,0.035,7625.396,206.215,191.5367909,523.875,155.019
trial_1499,2020,4.6247,0.041,11279.77,150.11599999999999,187.0,1166.299,260.452
trial_1500,2020,4.8135,0.041,11740.29,198.498,178.0877042,739.688,378.724
trial_1501,2020,1.1362,0.037,3087.956,192.256,176.0,653.896,53.675
trial_1502,2020,1.8042,0.024,7411.682,212.381,150.1463777,591.651,148.134
trial_1503,2020,2.1027,0.028,7475.812,197.01,169.7346018,399.635,167.829
trial_1504,2020,4.9892,0.039,12648.53,200.316,173.3484308,714.92,287.5
trial_1505,2020,2.0497,0.032,6327.896,209.674,192.988176,716.171,110.403
trial_1506,2020,1.3381,0.026,5111.78,193.49099999999999,152.2417387,245.6,108.465
trial_1507,2020,4.5011,0.041,10978.36,200.979,168.1833304,571.408,312.702
trial_1508,2020,3.796,0.038,9922.258,194.72,176.8849794,570.13,199.409
trial_1509,2020,2.9402,0.032,9242.969,219.435,145.8146666,470.419,229.826
trial_1510,2020,4.3551,0.041,10622.31,196.588,162.3571105,867.82,383.799
trial_1511,2020,2.2408,0.032,7096.928,211.763,165.6320326,428.178,160.879
trial_1512,2020,2.9898,0.041,7292.211,168.163,141.9184837,425.861,211.038
trial_1513,2021,4.0064,0.041,9771.64,181.8,151.2376144,468.799,250.57399999999998
trial_1514,2021,1.2156,0.041,2964.798,182.237,182.0,1183.314,53.389
trial_1516,2021,5.1791,0.041,12631.97,189.003,195.0057846,1068.543,342.065
trial_1517,2021,4.9441,0.041,12058.79,206.912,159.7125827,781.943,350.953
trial_1518,2021,1.7776,0.032,5552.216,175.912,177.0,740.706,97.752
trial_1519,2021,3.9412,0.041,9612.654,192.915,155.6103585,460.159,273.237
trial_1520,2021,2.3681,0.031,7627.128,198.214,192.1400852,613.369,152.97899999999998
trial_1521,2021,3.7659,0.041,9185.028,173.282,152.4747997,472.363,274.098
trial_1522,2021,1.9209,0.031,6165.397,183.75900000000001,187.9496109,714.723,104.744
trial_1523,2021,4.1735,0.041,10179.23,137.606,167.7075748,633.232,233.888
trial_1524,2021,1.2504,0.04,3152.323,200.389,196.0,809.808,49.566
trial_1525,2021,3.7477,0.037,10168.19,203.059,147.582425,591.449,268.446
trial_1526,2021,4.312,0.041,10517.07,208.932,153.951475,734.425,334.374
trial_1527,2021,3.1828,0.041,7763.012,180.494,162.4472186,572.749,189.89000000000001
trial_1528,2021,2.6228,0.041,6397.105,181.91,173.2804852,479.581,152.868
trial_1529,2021,5.3279,0.041,12994.83,177.511,189.4268729,789.402,353.129
trial_1530,2021,2.6086,0.041,6362.333,183.921,110.525737,306.539,229.078
trial_1531,2021,5.2436,0.041,12789.17,185.284,185.4661363,974.842,357.112
trial_1532,2021,4.429,0.039,11491.13,185.954,200.7735578,1098.031,213.169
trial_1533,2021,4.833,0.041,11787.69,190.332,167.9857637,758.689,331.726
trial_1534,2021,4.2377,0.04,10641.87,213.315,145.7114598,646.4,269.578
trial_1536,2021,4.4001,0.041,10732.01,186.85,179.1875941,752.848,310.885
trial_1537,2021,3.4333,0.041,8374.014,172.23,159.5427979,672.699,261.257
trial_1538,2021,3.9249,0.041,9572.898,180.943,160.07322920000001,485.626,254.456
trial_1539,2021,4.496,0.041,10965.79,153.66,176.6974258,899.316,308.385
trial_1540,2021,4.003,0.041,9763.496,192.726,155.6819777,506.384,247.927
trial_1541,2021,3.475,0.041,8475.563,151.762,160.1668242,553.813,242.385
trial_1542,2021,2.9688,0.037,8103.966,183.209,189.9883767,933.4639999999999,155.714
trial_1543,2021,4.7727,0.041,11640.75,180.595,188.9589164,1019.539,345.559
trial_1544,2021,4.5904,0.041,11196.12,176.693,199.5018931,916.079,346.928
trial_1545,2021,3.1576,0.033,9676.326,213.491,141.9537808,558.597,243.808
trial_1546,2021,2.2741,0.041,5546.601,187.4,110.5683264,350.884,232.326
trial_1547,2021,2.6006,0.041,6343.037,162.21,154.2509734,566.611,206.809
trial_1548,2021,2.1969,0.041,5358.282,168.546,156.9751095,484.556,131.596
trial_1549,2021,5.4994,0.041,13413.08,175.908,203.2770509,879.925,359.289
trial_1550,2021,1.5917,0.028,5598.708,184.93,183.094958,441.498,97.438
trial_1551,2021,4.8019,0.041,11712.01,168.548,199.2060477,866.443,331.056
trial_1552,2021,2.8509,0.041,6953.464,145.268,181.9723361,791.29,183.348
trial_1553,2021,5.2256,0.041,12745.48,201.871,174.7885337,857.714,375.51
trial_1554,2021,3.6396,0.041,8877.061,152.24,182.5147901,651.215,254.324
trial_1555,2021,3.756,0.041,9160.957,179.463,147.6396098,406.591,264.777
trial_1556,2021,5.1815,0.041,12637.74,180.959,186.9704278,1086.023,346.719
trial_1557,2021,3.8932,0.041,9495.625,173.259,159.6707289,453.249,248.856
trial_1558,2021,2.7972,0.036,7866.182,200.396,181.0876363,481.603,174.863
trial_1559,2021,3.5741,0.041,8818.98,196.18,204.0,1297.096,189.697
trial_1560,2021,3.5411,0.041,8636.707,189.429,152.6706635,403.56,236.461
trial_1561,2021,2.8019,0.041,6834.02,208.548,106.132845,319.946,257.213
trial_1562,2021,3.5597,0.041,8682.24,169.66,171.4055211,527.568,275.089
trial_1563,2021,3.6475,0.041,8907.725,185.952,152.8767739,403.356,219.939
trial_1564,2021,4.0422,0.04,10083.24,181.455,200.6201894,936.857,190.487
trial_1565,2021,3.5056,0.041,8550.176,184.276,193.6652352,810.132,167.514
trial_1566,2021,3.6966,0.041,9016.043,193.761,154.741893,467.442,260.3
trial_1568,2021,2.4534,0.041,5984.02,190.574,111.1293579,243.458,202.796
trial_1569,2021,2.8135,0.034,8296.811,176.848,166.1579063,511.923,185.543
trial_1570,2021,4.4429,0.041,10836.33,163.859,185.6436226,923.761,325.746
trial_1571,2021,3.6907,0.041,9001.812,179.125,153.2959434,424.335,240.404
trial_1572,2021,3.9316,0.041,9589.176,180.569,158.5978148,456.347,246.112
trial_1573,2021,4.6682,0.041,11385.86,180.937,189.8100544,1063.149,342.499
trial_1574,2021,2.7882,0.033,8551.214,213.076,144.495594,568.453,218.535
trial_1575,2021,3.4084,0.04,8553.95,168.12,187.6236518,603.351,157.238
trial_1576,2021,4.2634,0.041,10398.56,145.819,175.6693592,763.641,266.576
trial_1577,2021,2.2308,0.029,7581.59,187.508,174.0400545,565.021,163.804
trial_1578,2021,4.9249,0.041,12012.02,184.839,185.8136461,932.601,323.147
trial_1579,2021,2.225,0.028,8054.979,215.854,134.2434297,516.623,227.071
trial_1580,2021,4.2289,0.04,10572.6,189.694,182.1023241,772.564,234.099
trial_1581,2021,3.7775,0.039,9589.033,198.03,172.8864561,693.329,253.346
trial_1582,2021,1.4178,0.027,5281.676,185.162,169.857782,379.323,112.399
trial_1583,2021,1.956,0.036,5474.42,184.427,180.9918386,725.615,100.846
trial_1584,2021,3.728,0.041,9092.729,166.232,156.8012043,505.199,269.38
trial_1585,2021,2.6987,0.041,6582.141,163.901,155.6231646,554.341,215.192
trial_1586,2021,2.4234,0.032,7617.414,172.947,171.4409997,589.705,154.549
trial_1587,2021,5.1649,0.041,12597.3,166.215,178.5743309,610.273,333.76
trial_1589,2021,1.8955,0.04,4751.916,184.404,164.0,745.526,98.115
trial_1590,2021,2.7243,0.039,6979.917,190.687,181.3375448,530.857,140.473
trial_1591,2021,3.4735,0.041,8472.051,181.23,155.8377153,578.172,252.959
trial_1592,2021,2.3582,0.041,5751.701,175.695,138.7675225,488.694,202.489
trial_1593,2021,4.2978,0.041,10482.55,213.502,144.8203442,692.153,355.66
trial_1594,2021,2.9193,0.041,7120.253,158.382,178.6516368,658.287,206.502
trial_1595,2021,2.1004,0.041,5122.928,160.023,148.1779907,530.45,182.131
trial_1596,2021,3.5111,0.041,8563.632,171.821,191.0782556,628.288,191.607
trial_1597,2021,1.1716,0.036,3213.831,193.625,181.0,558.928,54.554
trial_1598,2021,2.9837,0.033,9098.787,186.09799999999998,178.8625913,574.855,167.933
trial_1599,2021,2.7519,0.03,9053.985,207.773,127.9799526,477.057,236.164
trial_1600,2021,4.8607,0.041,11855.42,201.799,153.9514717,723.25,372.041
trial_1601,2021,4.571,0.041,11148.77,180.566,192.413048,832.624,335.24399999999997
trial_1602,2021,1.0725,0.041,2635.971,167.031,165.0,632.273,44.763
trial_1603,2021,3.0734,0.033,9322.122,205.481,170.5662701,713.485,212.225
trial_1604,2021,4.6368,0.041,11309.17,183.551,191.9889443,1017.02,347.957
trial_1605,2021,1.7462,0.041,4259.03,148.062,149.0,713.7379999999999,151.912
trial_1606,2021,1.9754,0.037,5335.366,165.461,180.6603071,573.198,90.395
trial_1607,2021,2.2472,0.029,7734.792,173.795,184.3348615,529.997,135.324
trial_1608,2021,0.8943,0.033,2720.272,182.398,169.0,419.662,49.113
trial_1609,2021,2.3197,0.032,7335.252,159.852,162.2383593,474.945,137.583
trial_1610,2021,1.1674,0.037,3156.492,192.688,183.0,658.634,49.959
trial_1611,2021,3.717,0.039,9603.947,187.312,201.0,1301.507,189.129
trial_1612,2021,5.1803,0.041,12634.94,186.703,201.0,1206.058,254.07
trial_1613,2021,2.4919,0.032,7884.892,222.455,134.0561052,386.726,190.83
trial_1614,2021,2.8886,0.033,8807.637,235.736,140.9634977,500.756,240.933
trial_1615,2021,2.3714,0.031,7547.985,168.809,171.691714,649.764,149.751
trial_1616,2021,2.7898,0.035,8001.786,179.832,172.3004179,459.497,163.777
trial_1617,2021,3.5194,0.041,8584.003,160.461,168.2979385,527.657,233.122
trial_1618,2021,3.5399,0.041,8633.857,177.977,187.729855,691.231,185.207
trial_1619,2021,4.2828,0.041,10445.73,217.77700000000002,148.3564703,627.788,343.176
trial_1621,2021,5.0995,0.041,12437.8,187.895,192.5418229,721.0,354.75
trial_1622,2021,5.5296,0.041,13486.72,185.712,163.7999681,761.085,347.851
trial_1623,2021,2.7731,0.033,8305.154,178.344,147.823938,357.889,168.388
trial_1624,2021,4.6429,0.041,11324.13,209.796,153.2389099,803.029,375.464
trial_1625,2021,4.467,0.041,10895.16,164.926,166.5275349,623.785,313.017
trial_1626,2021,1.3024,0.041,3176.631,194.324,196.0,1258.091,51.981
trial_1627,2021,4.0022,0.041,9761.395,168.172,166.3367517,491.026,276.609
trial_1628,2021,4.8116,0.041,11735.58,224.784,156.9982847,745.072,385.051
trial_1629,2021,2.2155,0.032,6963.174,190.387,173.2624549,517.478,155.86599999999999
trial_1631,2021,4.5517,0.041,11101.8,134.601,163.5966662,799.398,293.555
trial_1632,2021,4.7236,0.041,11521.06,182.606,195.4857465,838.213,332.214
trial_1633,2021,2.7408,0.028,9666.914,195.179,132.6147053,416.626,241.37199999999999
trial_1634,2021,4.0905,0.039,10433.13,211.303,133.3983841,513.532,290.809
trial_1635,2021,3.9359,0.041,9599.649,185.657,152.210634,424.314,251.526
trial_1636,2021,5.5003,0.041,13415.44,199.633,182.2557726,919.143,356.561
trial_1638,2021,2.8999,0.034,8485.51,185.52,167.340581,489.7,181.347
trial_1639,2021,4.7752,0.041,11646.8,179.8,190.8477152,830.949,357.35699999999997
trial_1640,2021,2.8253,0.034,8284.685,183.494,164.9355955,379.06,179.928
trial_1641,2021,3.3137,0.03,10962.34,209.653,140.6426947,580.065,270.065
trial_1642,2021,4.6524,0.041,11347.27,184.314,176.9356927,916.437,355.583
trial_1643,2021,4.1533,0.041,10129.99,191.799,177.0606045,664.669,235.003
trial_1644,2021,2.1458,0.041,5233.7,160.306,142.5433984,480.724,180.949
trial_716,2015,1.334,0.041,3253.721,195.444,161.0,664.608,52.656
trial_717,2015,1.0963,0.018,6142.866,208.438,138.975505896,242.12,131.295
trial_718,2015,2.5759,0.027,9700.932,204.842,192.161686511,1082.418,170.177
trial_719,2015,3.247,0.032,10261.208,206.52100000000002,164.508183298,817.632,220.877
trial_720,2015,1.7464,0.029,6114.789,188.292,165.0,815.213,103.371
trial_722,2015,2.483,0.032,7843.71,213.356,176.082205234,494.757,154.224
trial_723,2015,0.8861,0.019,4782.105,214.455,167.33832977,298.314,105.865
trial_724,2015,1.7536,0.028,6357.938,198.278,167.0,673.7620000000001,109.621
trial_725,2015,2.2949,0.025,9129.152,197.282,180.814243772,618.597,172.153
trial_727,2015,2.9234,0.033,8804.942,211.07,120.567178123,331.528,281.591
trial_729,2015,2.7413,0.028,9672.557,211.71699999999998,139.792058138,421.126,217.766
trial_730,2015,1.3201,0.041,3219.854,197.831,159.0,655.476,55.507
trial_731,2015,1.2643,0.039,3228.328,193.936,168.0,718.208,48.163
trial_732,2015,3.7622,0.027,14060.309,209.911,181.788179773,858.273,298.733
trial_734,2015,2.4678,0.032,7605.647,192.904,151.666504735,382.356,160.31
trial_735,2015,1.0968,0.03,3686.096,200.463,174.0,745.621,61.667
trial_737,2015,2.6725,0.028,9609.247,198.753,154.412787477,643.901,225.72899999999998
trial_738,2015,3.7934,0.034,11061.641,183.556,161.77869386,795.009,256.831
trial_739,2015,4.2145,0.041,10279.299,192.258,135.079463519,542.719,331.06
trial_741,2015,1.5321,0.024,6394.263,205.511,168.361424138,334.326,124.381
trial_742,2015,4.4891,0.041,10948.983,169.514,180.719575878,691.0,221.495
trial_743,2015,1.6088,0.024,6629.771,222.256,158.599700765,324.003,130.035
trial_744,2015,4.1157,0.041,10038.172,172.735,137.243063771,611.609,316.291
trial_745,2015,0.897,0.025,3620.962,205.734,189.054837991,531.516,61.063
trial_746,2015,2.3435,0.026,9149.81,201.713,197.742915536,862.403,162.115
trial_747,2015,2.7703,0.041,6756.711,196.391,108.224217947,294.889,229.094
trial_748,2015,2.5434,0.041,6203.465,185.491,106.121796444,247.957,209.975
trial_749,2015,2.6801,0.034,7902.265,177.371,157.0,770.743,148.547
trial_750,2015,1.2248,0.041,2987.284,178.311,150.0,895.352,49.712
trial_751,2015,4.5721,0.039,11791.13,202.799,191.540390372,868.965,276.713
trial_752,2015,1.2747,0.041,3108.938,193.999,193.0,814.484,48.921
trial_753,2015,4.9926,0.039,12832.459,188.324,176.904553024,798.442,314.677
trial_754,2015,3.9134,0.041,9544.823,156.947,168.748992734,754.848,276.058
trial_755,2015,3.365,0.029,11511.935,199.796,164.578183168,765.063,238.411
trial_756,2015,2.7011,0.034,8031.244,175.996,172.604881148,505.716,136.964
trial_757,2015,1.7701,0.027,6667.581,205.925,167.0,798.593,116.802
trial_758,2015,3.067,0.026,12018.588,201.559,169.671670111,664.264,239.618
trial_759,2015,3.0983,0.031,9989.458,191.212,173.104383468,557.028,190.786
trial_760,2015,1.9329,0.025,7759.073,220.036,177.491478578,508.26800000000003,159.723
trial_761,2015,1.1512,0.034,3341.316,216.042,195.0,938.665,62.669000000000004
trial_762,2015,2.2045,0.027,8240.48,209.43,166.401599677,282.349,155.076
trial_763,2015,3.2021,0.041,7809.937,202.797,106.082476046,316.039,280.176
trial_764,2015,4.1209,0.038,10783.793,181.971,174.822945626,507.118,208.157
trial_765,2015,1.1841,0.036,3261.976,200.652,199.0,1522.247,50.522
trial_767,2015,1.563,0.026,6125.863,211.728,159.468031369,374.626,130.828
trial_768,2015,4.6441,0.041,11327.108,150.715,168.726934236,631.576,294.097
trial_769,2015,1.5815,0.026,6057.944,184.011,182.0,598.22,100.776
trial_770,2015,4.9984,0.041,12191.202,174.045,177.579678598,650.899,299.278
trial_771,2015,1.5254,0.024,6415.861,200.252,166.267923629,336.877,122.257
trial_772,2015,3.2121,0.027,11706.434,195.529,190.013988725,944.276,201.963
trial_773,2015,3.6072,0.032,11226.19,214.425,128.293009976,396.8,304.357
trial_774,2015,2.6559,0.036,7471.785,182.207,177.31392922,430.59,135.199
trial_775,2015,5.8669,0.041,14309.567,204.913,176.88821021,1000.354,333.507
trial_776,2015,3.5616,0.041,8686.844,220.17,127.685641319,340.669,288.454
trial_777,2015,2.7826,0.033,8359.771,217.555,139.27194006,350.963,222.718
trial_778,2015,2.4233,0.026,9190.924,199.878,179.584027699,762.937,178.482
trial_779,2015,3.6726,0.03,12073.763,205.795,160.979610583,801.963,272.476
trial_781,2015,1.6647,0.026,6505.152,195.791,169.0,669.873,109.133
trial_782,2015,2.5464,0.031,8137.828,189.581,161.932232148,414.951,151.578
trial_783,2015,1.7002,0.03,5612.989,182.72,150.232724525,285.232,102.682
trial_784,2015,2.4813,0.03,8306.698,187.178,179.0,789.432,143.457
trial_785,2015,3.2284,0.028,11624.066,180.545,191.286917554,746.271,186.576
trial_786,2015,1.1091,0.032,3454.084,210.784,193.0,988.197,59.277
trial_787,2015,1.2058,0.04,3030.151,176.972,183.0,946.937,40.419
trial_788,2015,1.3941,0.02,6924.961,206.516,160.425696929,437.269,164.675
trial_789,2015,1.6854,0.031,5517.398,201.727,153.169440213,290.937,111.926
trial_790,2015,1.412,0.038,3673.208,209.241,178.0,882.22,54.634
trial_791,2015,1.2939,0.037,3534.307,195.44,166.0,1109.975,53.619
trial_792,2015,3.5967,0.041,8772.515,186.017,120.700441936,378.682,281.676
trial_793,2015,2.6636,0.029,9035.047,212.314,138.931870311,427.346,221.087
trial_794,2015,3.7227,0.041,9079.875,168.148,162.587356866,633.596,284.573
trial_795,2015,2.4011,0.027,8758.494,215.575,160.444938808,444.668,190.079
trial_796,2015,1.4971,0.03,5013.924,206.138,188.238840568,515.157,95.812
trial_797,2015,3.5699,0.041,8707.17,173.176,136.82358583,669.826,303.874
trial_798,2015,2.1523,0.031,6965.61,191.939,153.747873857,381.343,150.635
trial_799,2015,1.3941,0.026,5346.844,209.915,132.810229608,135.581,122.585
trial_800,2015,1.1808,0.034,3514.259,205.291,172.0,584.73,55.454
trial_801,2015,2.242,0.028,8084.237,207.918,146.457495908,481.006,176.147
trial_802,2015,2.8374,0.027,10361.433,211.476,147.104959333,573.2,225.978
trial_803,2015,5.0721,0.041,12371.081,204.008,192.775409641,1202.337,350.73199999999997
trial_804,2015,1.7552,0.04,4363.858,175.477,173.374081441,226.318,75.034
trial_805,2015,2.5222,0.03,8299.443,204.185,176.0,1063.185,161.681
trial_806,2015,3.1662,0.028,11349.203,202.671,185.130311256,998.741,207.088
trial_807,2015,3.1978,0.041,7799.522,150.173,145.0,906.384,217.106
trial_808,2015,0.7569,0.024,3215.008,191.055,191.0,483.71,46.902
trial_809,2015,2.1584,0.026,8440.438,189.335,176.839275694,445.744,156.766
trial_810,2015,1.7649,0.037,4805.643,191.337,176.321740989,260.148,84.72
trial_811,2015,1.2891,0.041,3144.152,203.815,192.0,938.375,50.826
trial_812,2015,2.7578,0.036,7759.305,194.553,167.0,1277.458,141.505
trial_813,2015,1.47,0.031,4814.524,185.063,149.568471061,263.84,93.229
trial_815,2015,3.4099,0.028,12202.992,215.81,193.328480682,1151.435,217.919
trial_816,2015,1.6148,0.026,6147.286,213.36599999999999,91.189798385,185.005,240.601
trial_817,2015,3.3165,0.035,9478.213,175.767,174.7594471,544.5,181.524
trial_818,2015,2.6276,0.032,8120.657,194.68,183.0,1408.846,145.038
trial_819,2015,3.941,0.041,9612.302,166.488,161.4411503,713.529,286.4
trial_821,2015,2.3652,0.023,10065.88,196.194,190.9720999,646.234,163.437
trial_822,2015,3.1652,0.027,11614.46,204.467,148.3432189,608.4110000000001,273.284
trial_823,2015,4.5309,0.041,11050.92,153.944,167.2615239,781.286,273.37
trial_824,2015,4.1968,0.029,14317.26,215.895,189.7715674,1066.651,278.94
trial_825,2015,3.0728,0.041,7494.721,231.071,108.6847751,307.651,280.38
trial_826,2015,2.8792,0.028,10161.61,204.601,164.3642981,582.013,215.902
trial_827,2015,3.6884,0.032,11556.69,208.466,150.7196569,623.905,263.047
trial_828,2015,2.0978,0.026,8214.781,186.204,168.3650563,435.921,153.362
trial_829,2015,0.7047,0.021,3357.948,216.141,178.6159622,360.654,59.437
trial_830,2015,4.5753,0.041,11159.18,163.709,171.342745,725.364,293.977
trial_831,2015,3.1809,0.034,9406.0,159.223,177.1486398,477.394,162.86599999999999
trial_832,2015,2.4971,0.028,8822.151,187.587,172.846875,603.26,167.046
trial_833,2015,1.4575,0.022,6554.762,213.631,155.3418864,502.302,118.327
trial_835,2015,1.3608,0.025,5342.73,207.132,169.7379885,290.402,111.003
trial_836,2015,3.3439,0.036,9331.464,149.318,185.6646969,831.359,157.001
trial_837,2015,3.57,0.028,12827.05,195.365,182.0912865,740.674,253.739
trial_838,2015,2.49,0.03,8309.029,208.62199999999999,178.4097087,627.771,165.666
trial_839,2015,3.6119,0.033,11010.95,210.334,112.2813626,394.418,305.207
trial_840,2015,5.4127,0.041,13201.6,162.014,192.9803628,743.609,313.044
trial_841,2015,2.3374,0.025,9200.313,197.252,172.477254,582.867,168.117
trial_842,2015,2.5025,0.022,11239.75,199.34199999999998,145.4730325,389.73,230.017
trial_844,2015,3.1656,0.027,11627.14,206.518,147.1918332,621.777,314.77
trial_845,2015,1.8614,0.026,7209.158,205.181,197.0,1252.959,120.743
trial_846,2015,1.3677,0.024,5612.546,209.91,167.6632958,208.196,98.811
trial_847,2015,1.3882,0.041,3388.376,201.302,167.0,928.252,54.281
trial_848,2015,2.2635,0.022,10181.87,207.468,182.112602,671.297,194.239
trial_849,2015,3.0048,0.029,10268.91,213.094,130.3225817,441.09,278.827
trial_850,2015,3.7296,0.031,12009.82,193.779,158.8410868,732.082,267.416
trial_851,2015,2.6972,0.036,7483.357,221.142,176.3056737,528.378,156.988
trial_852,2015,3.4755,0.041,8476.934,163.927,146.8089785,637.34,261.861
trial_853,2016,2.5046,0.029,8558.33,195.894,182.0403736,553.422,149.039
trial_855,2016,3.7636,0.041,9179.547,173.827,191.4125811,1240.686,333.753
trial_856,2016,4.5142,0.041,11010.24,177.075,164.0893112,822.11,338.66
trial_857,2016,2.0069,0.024,8511.706,194.471,161.8343534,343.247,150.114
trial_858,2016,4.1592,0.03,13879.87,216.973,172.9983426,513.715,259.927
trial_860,2016,4.9487,0.035,13970.69,197.523,169.3161448,511.496,261.495
trial_861,2016,4.3342,0.035,12227.35,193.533,188.2064689,804.956,241.401
trial_862,2016,3.9617,0.041,9662.703,189.023,191.5642146,1176.907,351.483
trial_863,2016,4.3238,0.041,10545.87,188.823,137.9919798,535.167,411.299
trial_864,2016,4.2881,0.041,10458.8,180.602,158.8500081,735.763,308.6
trial_865,2016,3.9299,0.041,9585.203,179.376,153.8249818,657.144,339.501
trial_866,2016,2.8055,0.029,9726.344,194.665,166.488386,374.23,169.184
trial_867,2016,2.5244,0.031,8162.561,189.818,183.7643897,425.885,136.166
trial_868,2016,4.9088,0.041,11972.8,179.819,188.9456767,1126.874,389.409
trial_869,2016,3.34,0.041,8146.294,172.751,105.6400303,434.311,287.026
trial_870,2016,3.4686,0.037,9335.463,183.305,178.654767,664.289,175.934
trial_871,2016,4.0668,0.041,9918.934,176.853,186.2075675,1271.033,357.834
trial_872,2016,4.0571,0.041,9895.343,184.907,151.5450139,660.324,332.132
trial_873,2016,3.3268,0.041,8114.205,132.75,206.0,1229.376,226.645
trial_874,2016,4.3603,0.041,10634.98,189.067,156.3804489,707.106,382.123
trial_875,2016,4.6011,0.04,11421.29,181.571,177.5343099,833.041,231.278
trial_876,2016,3.7858,0.034,11057.38,185.37,152.7981538,384.911,214.442
trial_877,2016,4.0135,0.041,9788.929,180.784,206.8955971,1547.794,328.117
trial_878,2016,2.5145,0.025,9949.563,208.686,188.2977232,686.337,166.168
trial_879,2016,3.1714,0.028,11381.04,216.682,179.8674153,571.446,212.615
trial_880,2016,4.4907,0.041,10953.02,171.712,181.2023692,634.476,217.178
trial_881,2016,3.5389,0.041,8631.35,168.559,203.7925317,1469.06,308.103
trial_882,2016,3.7902,0.041,9244.437,164.558,204.9669272,1464.579,305.924
trial_883,2016,3.0882,0.041,7532.316,173.546,106.5176983,434.231,281.566
trial_884,2016,3.6422,0.041,8883.329,181.721,141.3096154,522.745,261.538
trial_885,2016,2.596,0.041,6331.748,164.87,123.2132211,579.847,239.057
trial_886,2016,3.8047,0.041,9279.845,167.964,146.725154,531.221,309.674
trial_887,2016,1.8937,0.041,4618.793,172.394,170.0,524.485,96.827
trial_888,2016,5.0169,0.041,12236.38,179.851,211.5664906,1439.948,339.334
trial_889,2016,4.3362,0.041,10576.13,183.859,195.3810178,882.321,214.621
trial_890,2016,3.8922,0.041,9493.229,160.096,199.9595716,1425.464,325.984
trial_891,2016,1.9065,0.039,4835.225,154.03,193.0,1166.336,64.982
trial_892,2016,3.1158,0.041,7599.458,181.223,183.0,1015.174,184.315
trial_893,2016,2.5383,0.029,8740.25,174.146,203.0,1497.851,121.176
trial_895,2016,4.263,0.041,10397.55,174.836,185.4725151,1282.349,375.415
trial_896,2016,2.853,0.025,11309.74,204.27100000000002,178.8826139,486.249,193.421
trial_898,2016,4.0891,0.041,9973.346,187.667,190.0037463,1096.082,333.886
trial_899,2016,1.7708,0.027,6583.896,216.455,198.0,1422.357,105.484
trial_900,2016,3.2044,0.041,7815.581,175.267,114.3431627,448.786,292.093
trial_901,2016,2.5574,0.033,7729.593,183.85399999999998,204.0,1500.575,121.302
trial_902,2016,4.2283,0.041,10313.03,171.26,200.3251418,1331.316,332.476
trial_903,2016,3.8745,0.041,9449.891,170.474,193.6907519,1045.575,320.426
trial_904,2016,2.4816,0.027,9313.734,213.646,168.0171638,333.99,175.856
trial_905,2016,1.839,0.032,5729.189,155.897,201.0,1183.708,68.281
trial_906,2016,2.8361,0.038,7490.146,179.621,190.7046935,776.855,137.077
trial_907,2016,2.5162,0.028,8982.172,176.685,207.0,1406.835,119.019
trial_908,2016,0.8976,0.026,3449.729,203.387,200.0,580.378,42.136
trial_909,2016,3.8565,0.041,9406.192,168.495,194.9772848,1359.884,316.321
trial_910,2016,3.9357,0.041,9599.382,183.004,157.7477698,691.754,349.598
trial_911,2016,1.0761,0.037,2901.877,194.316,205.0,993.927,36.92
trial_913,2016,3.8857,0.041,9477.211,173.658,193.879069,1336.004,333.676
trial_914,2016,4.0749,0.041,9938.773,199.424,107.6603897,420.508,390.478
trial_915,2016,3.8751,0.041,9451.441,177.891,176.3993253,841.5409999999999,341.606
trial_918,2016,2.0071,0.024,8434.968,204.403,167.5519953,419.671,156.941
trial_919,2016,3.4421,0.033,10378.19,185.495,181.624964,660.426,178.718
trial_920,2016,4.0089,0.041,9777.721,181.333,149.0839034,638.921,319.922
trial_921,2016,3.1912,0.034,9328.27,177.868,164.0394626,411.214,177.15
trial_922,2016,3.8761,0.035,10947.09,172.303,207.9359777,1118.637,183.821
trial_923,2016,4.2061,0.041,10258.8,182.524,200.1270625,1308.942,339.128
trial_924,2016,1.9648,0.039,5010.793,169.692,178.0200568,518.113,89.825
trial_925,2016,4.1046,0.041,10011.22,175.311,180.7954058,993.155,325.732
trial_926,2016,3.3508,0.037,8971.553,188.395,171.7849797,553.538,178.551
trial_927,2016,1.6051,0.025,6467.478,215.447,196.0,752.35,100.857
trial_928,2016,1.9958,0.031,6383.452,193.823,189.0,998.729,94.652
trial_929,2016,2.1076,0.039,5455.646,175.084,168.0,1314.988,100.61
trial_930,2016,4.132,0.041,10078.01,177.527,157.5484369,724.392,332.385
trial_931,2016,3.5751,0.041,8719.696,164.779,188.0,1069.85,180.611
trial_932,2016,3.3126,0.041,8079.544,161.536,159.7183633,702.131,257.638
trial_933,2016,1.5509,0.022,6926.229,195.138,194.7006545,519.356,100.11
trial_934,2016,3.5896,0.037,9650.508,192.465,181.9307427,796.29,207.314
trial_935,2016,2.6762,0.028,9420.227,206.64,173.4219757,379.65,170.84199999999998
trial_936,2016,4.1281,0.041,10068.56,179.936,175.6636197,901.841,389.745
trial_937,2016,2.9456,0.041,7184.369,175.77,149.0,697.943,161.788
trial_938,2016,4.4007,0.041,10733.42,181.559,147.1243856,608.564,394.521
trial_939,2016,3.2388,0.041,7899.481,160.239,209.0,1706.238,234.235
trial_940,2016,2.0314,0.04,5095.847,169.093,173.6886045,549.497,91.2
trial_941,2016,4.1136,0.041,10033.26,173.548,172.7460814,892.847,328.817
trial_942,2016,3.5386,0.041,8630.824,167.817,190.9104553,1319.418,323.367
trial_943,2016,3.3085,0.041,8069.479,155.694,164.0,1140.476,257.95
trial_944,2016,3.6784,0.039,9463.704,175.668,188.0,922.08,181.185
trial_945,2016,4.6265,0.041,11284.14,164.456,189.4095634,1003.686,342.06
trial_946,2016,0.9976,0.041,2433.166,184.528,174.0,590.652,46.451
trial_947,2016,1.9597,0.041,4779.659,151.216,173.0,883.659,80.29
trial_948,2016,4.9166,0.041,11991.71,190.023,187.5582848,743.207,294.07
trial_949,2016,2.7479,0.028,9734.396,194.283,165.4046739,373.941,169.065
trial_951,2016,4.1001,0.041,10000.26,180.427,194.0338542,1367.584,362.278
trial_952,2016,4.089,0.041,9973.231,183.876,152.5941172,649.515,335.889
trial_953,2016,1.8094,0.033,5523.293,197.981,196.0,1283.448,88.817
trial_954,2016,3.769,0.041,9192.604,167.972,193.0,1133.667,217.679
trial_955,2016,5.2628,0.041,12836.01,184.244,206.5938461,1041.454,314.135
trial_956,2016,4.804,0.041,11740.1,196.059,158.9513016,534.306,296.546
trial_957,2016,3.1968,0.041,7797.101,171.075,112.304606,452.841,286.025
trial_959,2016,4.4014,0.041,10735.15,149.099,183.5441327,887.281,303.904
trial_960,2016,4.1933,0.041,10227.6,184.293,196.5619278,1409.549,362.073
trial_961,2016,3.2071,0.041,7822.198,178.10999999999999,155.4156882,456.948,198.136
trial_962,2016,4.8422,0.041,11810.19,169.352,173.5729558,867.184,392.647
trial_964,2016,4.0961,0.041,9990.494,149.019,183.264565,932.134,275.707
trial_965,2016,2.4869,0.026,9543.679,189.317,195.2168713,800.602,146.349
trial_966,2016,4.3383,0.041,10581.27,188.207,151.2499128,636.979,358.313
trial_968,2016,4.3711,0.038,11456.78,195.956,186.4828776,796.265,238.658
trial_969,2016,3.9327,0.041,9591.849,143.025,187.3311478,912.945,264.406
trial_970,2016,4.3997,0.041,10730.99,175.75,167.6642499,1023.835,361.983
trial_971,2016,2.2081,0.041,5385.642,194.124,184.0,1004.884,102.008
trial_972,2016,3.9341,0.041,9595.478,178.285,143.525885,503.342,255.554
trial_973,2016,1.5949,0.022,7295.103,200.34,195.0,749.592,99.956
trial_974,2016,4.6598,0.041,11365.44,179.063,181.3447823,954.996,377.011
trial_975,2016,4.0543,0.041,9888.572,173.613,193.1998752,1006.649,333.76800000000003
trial_976,2016,3.4757,0.041,8477.362,181.682,189.0,1081.656,191.226
trial_977,2016,3.356,0.041,8185.283,162.196,207.5532628,1590.47,273.127
trial_978,2016,3.0551,0.041,7451.546,200.482,182.9661376,478.999,157.463
trial_979,2016,3.3682,0.032,10474.84,199.346,192.4396004,780.469,182.002
trial_980,2016,3.7441,0.041,9131.967,170.438,200.0252046,1423.094,312.582
trial_981,2016,3.8785,0.041,9459.69,172.905,191.0001084,1398.206,336.605
trial_982,2016,3.4689,0.033,10502.32,215.58,194.8233569,796.855,199.098
trial_984,2017,2.5724,0.032,8028.041,185.475,165.7946017,355.091,145.903
trial_985,2017,2.2816,0.028,8186.641,222.215,193.3555187,507.855,143.451
trial_986,2017,1.5945,0.025,6276.45,215.21,183.2965099,577.639,124.404
trial_987,2017,1.2758,0.031,4105.565,226.217,154.0,976.969,83.906
trial_988,2017,1.2547,0.033,3790.633,181.212,173.0,579.102,54.748
trial_989,2017,4.4454,0.04,11085.69,199.675,162.9387556,614.934,260.254
trial_990,2017,4.2677,0.035,12156.86,220.776,164.4940641,583.781,282.451
trial_991,2017,3.3208,0.034,9669.429,188.147,166.2490791,652.373,177.426
trial_992,2017,1.5199,0.022,6794.371,215.207,194.5086272,618.756,108.695
trial_993,2017,3.4236,0.033,10241.82,217.431,199.0,1157.914,206.454
trial_994,2017,1.803,0.026,7013.666,225.003,146.4618249,562.391,166.312
trial_995,2017,2.4423,0.029,8375.676,231.519,155.3112071,605.887,218.675
trial_996,2017,1.4185,0.024,5964.35,238.065,117.1704045,394.788,205.259
trial_997,2017,1.7093,0.035,4831.323,189.634,162.0271554,173.207,90.135
trial_998,2017,2.0067,0.031,6443.855,187.231,174.0,790.595,105.969
trial_999,2017,2.3346,0.037,6341.843,212.024,154.69139247,310.747,210.122
